{"LogReg 1 AllFeatures": {"recall": [0.6974439227960355, 0.7034428794992176, 0.7130933750652061, 0.7099634846113719, 0.7120500782472613, 0.6883963494132985, 0.6949152542372882, 0.7160365058670144, 0.7099634846113719, 0.7130933750652061], "precision": [0.7507018528916339, 0.7435897435897436, 0.7506864360241625, 0.7439191035802132, 0.7522733535409204, 0.744920993227991, 0.7509157509157509, 0.7539813289401428, 0.7565314063368538, 0.7645413870246085], "accuracy": [0.7984846993997835, 0.7966151726852307, 0.8024205451146315, 0.7983863032569123, 0.8029125258289875, 0.7934664961133524, 0.7978943225425563, 0.8046836564006691, 0.8043692186577446, 0.8088958866364889], "roc_auc": [0.778568698639288, 0.7782501172658041, 0.7848133963333614, 0.7809574098677021, 0.7850027607226194, 0.7727696032780779, 0.7776093338190233, 0.787221792756516, 0.7857655602576454, 0.7900169783037788]}, "KNN 1 AllFeatures": {"recall": [0.38184663536776214, 0.3909754825247783, 0.3779342723004695, 0.38810641627543035, 0.3888888888888889, 0.36870925684485006, 0.3624511082138201, 0.4007822685788788, 0.38784559207094416, 0.3797600417318727], "precision": [0.8289920724801813, 0.8107084910762574, 0.8131313131313131, 0.8220994475138121, 0.8343592613318411, 0.7984189723320159, 0.8090803259604191, 0.8236870310825295, 0.8192837465564738, 0.8277430358158044], "accuracy": [0.737085506248155, 0.7358063563908295, 0.7325592836760799, 0.7374790908196399, 0.7403325789629046, 0.7266555151038079, 0.727147495818164, 0.7415133326773591, 0.736764416453454, 0.7361739814997048], "roc_auc": [0.6670648882321509, 0.6678372435534304, 0.6626596626157111, 0.6686147502454731, 0.6710600235248679, 0.6561466638206551, 0.6553089927921186, 0.6743955590682004, 0.6680062347206807, 0.6659388072123333]}, "DecTree 1 AllFeatures": {"recall": [0.621283255086072, 0.6145018257694314, 0.6129368805425144, 0.6251956181533647, 0.627282211789254, 0.6140808344198174, 0.608083441981747, 0.6132985658409387, 0.5928534167970788, 0.6092853416797078], "precision": [0.6248688352570829, 0.6154649947753396, 0.6124576492051081, 0.6132003069838834, 0.6133639377709768, 0.6030729833546735, 0.6111111111111112, 0.612340536318667, 0.6045212765957447, 0.6173361522198731], "accuracy": [0.7164223162452031, 0.7097313785299616, 0.7076650595296664, 0.7098297746728328, 0.7102233592443177, 0.7018596871002657, 0.7060907212437273, 0.7075666633867952, 0.700059043495375, 0.7100964377091123], "roc_auc": [0.697669594046433, 0.6909608196630376, 0.6889933257191954, 0.6931476589739805, 0.6938749501038228, 0.6845688622162298, 0.6867850838227318, 0.6889975762200901, 0.6789330295110553, 0.6902305343038236]}, "RandFor 1 AllFeatures": {"recall": [0.6781429316640585, 0.692227438706312, 0.6945748565466875, 0.693792383933229, 0.7008346374543558, 0.6688396349413298, 0.6797913950456324, 0.6980443285528032, 0.6950965049556599, 0.6906624934793949], "precision": [0.7490636704119851, 0.7411337615191287, 0.743854748603352, 0.7395051431748679, 0.745146977260122, 0.7355893318038429, 0.7454961395481842, 0.7419623059866962, 0.749648382559775, 0.7503542079909322], "accuracy": [0.7928761192561251, 0.7926793269703828, 0.7945488536849356, 0.7922857423988979, 0.796713568828102, 0.7843156548263308, 0.7915969693987995, 0.7944504575420643, 0.7973824050383783, 0.7965951584333792], "roc_auc": [0.7702612272477347, 0.7728794011354281, 0.774843124275872, 0.7728718595286306, 0.7778150118856548, 0.761568995726038, 0.7695733207845104, 0.7754602173737466, 0.7772258757395241, 0.7757199951594193]}}